<?xml version="1.0" encoding="UTF-8"?>
<project-private xmlns="http://www.netbeans.org/ns/project-private/1">
    <editor-bookmarks xmlns="http://www.netbeans.org/ns/editor-bookmarks/2" lastBookmarkId="0"/>
    <open-files xmlns="http://www.netbeans.org/ns/projectui-open-files/2">
        <group>
            <file>file:/C:/Users/vaneg/Desktop/6to%20Semestre/Digital%202/Laboratorio_Git/Lab04/Lab04_I2C/Lab04_I2C.X/main.c</file>
            <file>file:/C:/Users/vaneg/Desktop/6to%20Semestre/Digital%202/Laboratorio_Git/Lab04/Lab04_I2C/Lab04_I2C.X/Libreria.c</file>
        </group>
    </open-files>
</project-private>
